A00126103VB6TFM3EITH9,23,Male
A00126103VB6TFM3EITH9,23,Male
A10QUVJBDFSJYH,66,Male
A10QUVJBDFSJYH,66,Male
A10VLJT7V96D9W,32,Male
A10VLJT7V96D9W,32,Male
A10Y4P0XE7VN47,34,Female
A10Y4P0XE7VN47,34,Female
A10ZKWRZ8WL775,30,Female
A10ZKWRZ8WL775,30,Female
A112V6HAH568DI,67,Male
A112V6HAH568DI,67,Male
A117ZIRBH6ABD9,33,Male
A128USPL1FXS4A,29,Female
A128USPL1FXS4A,29,Female
A12FCLCVIM2CL3,30,Male
A12FCLCVIM2CL3,30,Male
A13TFZTDF48KI2,34,Male
A13TYYTK5MARJ1,22,Male
A13TYYTK5MARJ1,22,Male
A14395IM8ET52O,46,Male
A14395IM8ET52O,46,Male
A15PM8KAJ40XV7,35,Female
A15PM8KAJ40XV7,35,Female
A160HFSRDNT91E,25,Male
A160HFSRDNT91E,25,Male
A16CLW141KFQE4,37,Female
A16CLW141KFQE4,37,Female
A18MC27WTCEBA2,27,Male
A18MC27WTCEBA2,27,Male
A18TCR555RWUZV,24,Male
A18TCR555RWUZV,24,Male
A18U96VTGHOXKM,26,Female
A18U96VTGHOXKM,26,Female
A19DZAFFZEU6GN,24,Male
A19DZAFFZEU6GN,24,Male
A19WXHQSBB6P6O,35,Male
A19WXHQSBB6P6O,35,Male
A1A3TGZ7DKJWRW,25,Male
A1A3TGZ7DKJWRW,25,Male
A1A7P5LC80G47W,32,Male
A1A7U8TF7JAMGN,40,Male
A1A7U8TF7JAMGN,40,Male
A1AKSN2KUZ8TXY,50,Male
A1AKSN2KUZ8TXY,50,Male
A1B4WL7N3ACF2T,54,Female
A1BLZEIQMDN57I,27,Female
A1BLZEIQMDN57I,27,Female
A1BNR1ZAF1QGWG,33,Male
A1BNR1ZAF1QGWG,33,Male
A1C2LRGS40747I,24,Male
A1C2LRGS40747I,24,Male
A1CKIYN01NV9GJ,28,Female
A1CKIYN01NV9GJ,28,Female
A1E0GR2W1GJO0E,27,Male
A1E0GR2W1GJO0E,27,Male
A1EN6BG0MDKYGL,33,Male
A1EN6BG0MDKYGL,33,Male
A1FBO95OVBYOH1,23,Male
A1FBO95OVBYOH1,23,Male
A1FPUIL4ABFJTT,33,Male
A1FPUIL4ABFJTT,33,Male
A1G8240R3DNTUQ,57,Male
A1G8240R3DNTUQ,57,Male
A1H9L9ARVCMJMX,25,Male
A1H9L9ARVCMJMX,24,Male
A1HH2KZIFLXRJL,24,Male
A1HH2KZIFLXRJL,24,Male
A1HJY1QSYAX2F,35,Female
A1HJY1QSYAX2F,35,Female
A1HUM99F4LJLPS,51,Male
A1HUM99F4LJLPS,51,Male
A1HXHFX54MRHBZ,56,Male
A1HXHFX54MRHBZ,56,Male
A1I6J7F9S59DB0,24,Male
A1I6J7F9S59DB0,-3,Female
A1IRKCYXCJGI7T,31,Female
A1IU5OP7BBZHZ7,45,Male
A1IU5OP7BBZHZ7,46,Male
A1IV8V08K6S98Y,46,Male
A1IV8V08K6S98Y,46,Male
A1JVUD5XUB9H48,27,Female
A1JVUD5XUB9H48,28,Female
A1LAZ3AO0NYBC1,28,Male
A1LAZ3AO0NYBC1,28,Male
A1LI3JQS2VBOXC,11,Female
A1LI3JQS2VBOXC,42,Female
A1LK5VO36GUE1Z,43,Female
A1LK5VO36GUE1Z,43,Female
A1N4AZ1QXPOPXH,29,Male
A1N4AZ1QXPOPXH,29,Male
A1O81SOPKHK5RZ,31,Female
A1PT63J40GNSZF,24,Male
A1PT63J40GNSZF,24,Male
A1R5TGEFPN0VP3,24,Male
A1R5TGEFPN0VP3,28,Male
A1SM4H5ZJBW0DS,39,Female
A1SM4H5ZJBW0DS,39,Female
A1SMTECZU2UDYD,63,Female
A1TLNLB9D87H6,31,Female
A1TLNLB9D87H6,31,Female
A1UYVEMJK81G15,28,Female
A1UYVEMJK81G15,28,Female
A1VAH0VAWQKHZO,40,Female
A1VNYP58BTF4HX,22,Male
A1VNYP58BTF4HX,22,Male
A1Y0ABOUJUMCWW,35,Male
A1Y0ABOUJUMCWW,35,Male
A1YURG2FMHHV7I,30,Female
A22WWSTT8TU7G1,33,Female
A22WWSTT8TU7G1,33,Female
A23DPGTXU8VUG2,31,Male
A248P03SBIGVNH,25,Female
A248P03SBIGVNH,25,Female
A26T3M57NK46L5,63,Male
A26T3M57NK46L5,62,Male
A27BSYPO6JCB4Q,24,Male
A27BSYPO6JCB4Q,23,Female
A280RC0S51YKFT,40,Female
A280RC0S51YKFT,40,Female
A29X77IHE2YHQ3,33,Female
A2AL4OMLS7WAT8,27,Male
A2AL4OMLS7WAT8,25,Male
A2B8GG9NQ1YD8S,19,Female
A2B8GG9NQ1YD8S,19,Female
A2CEUCPDECS6U3,24,Male
A2CEUCPDECS6U3,24,Male
A2CYRZQFWDUEZ5,40,Female
A2CYRZQFWDUEZ5,40,Female
A2DAEM674ZDADH,24,Female
A2DAEM674ZDADH,24,Female
A2EHKMLR9ZLKTY,23,Female
A2EHKMLR9ZLKTY,23,Female
A2FBT0BSFOV91D,43,Male
A2FBT0BSFOV91D,43,Male
A2GIYD0TEI3V62,20,Female
A2GIYD0TEI3V62,20,Female
A2H96CZR34JKPQ,23,Female
A2I6AJ1S24DS8T,29,Male
A2I6AJ1S24DS8T,29,Male
A2IB6M3TAYO525,24,Male
A2IB6M3TAYO525,24,Male
A2IBLAKBXPA6PQ,25,Male
A2IBLAKBXPA6PQ,25,Male
A2ISNHM1VBXBZ2,22,Female
A2J237J8KM3OCS,34,Male
A2J237J8KM3OCS,33,Male
A2JIAEQS1I96N4,26,Female
A2JIAEQS1I96N4,26,Female
A2LAKROAU2MVEN,29,Female
A2LAKROAU2MVEN,29,Female
A2LGYPH2OXPXPG,25,Male
A2LGYPH2OXPXPG,25,Male
A2MDFVUZ6GC3QS,31,Female
A2MDFVUZ6GC3QS,31,Female
A2MG1LLIKMGAMX,42,Female
A2MG1LLIKMGAMX,42,Female
A2O6GRU4Q8X7HI,43,Female
A2O6GRU4Q8X7HI,43,Female
A2P065E9CYMYJL,28,Male
A2P065E9CYMYJL,28,Male
A2P8D05NW0B873,31,Female
A2P8D05NW0B873,31,Female
A2PAP6WAU1OLNH,68,Female
A2PAP6WAU1OLNH,68,Female
A2PLFRKBWV94WP,27,Female
A2R794P3E8X0MK,37,Female
A2R794P3E8X0MK,37,Female
A2RYN1S6OSO9KX,28,Male
A2RYN1S6OSO9KX,28,Male
A2SJC9VRBGNC58,52,Female
A2SJC9VRBGNC58,52,Female
A2T3FZWSBN0MSK,24,Male
A2T3FZWSBN0MSK,24,Male
A2TZJKKUN0LSHY,38,Female
A2TZJKKUN0LSHY,38,Female
A2U6D0T6GFXZIF,29,Female
A2UF2FRGVW4T89,42,Male
A2UF2FRGVW4T89,42,Male
A2UO3QJZNC2VOE,30,Male
A2UO3QJZNC2VOE,30,Male
A2URTGY72HXIGG,32,Male
A2UVZ2TKPH9KYW,56,Female
A2UVZ2TKPH9KYW,19,Female
A2VD133723IZR8,47,Female
A2VD133723IZR8,47,Female
A2VVMA00RMC8WI,24,Male
A2VVMA00RMC8WI,24,Male
A2XUADP5L61HQ5,23,Male
A2XUADP5L61HQ5,23,Male
A2XZ9RU7OGSZLF,29,Male
A2XZ9RU7OGSZLF,29,Male
A2YTO4EY3MNYAJ,41,Female
A2YUTQOY98KXY9,23,Male
A2YUTQOY98KXY9,23,Male
A2Z70GL7HTFFQR,27,Male
A2Z70GL7HTFFQR,27,Male
A2ZZT874YBX28H,31,Female
A2ZZT874YBX28H,31,Female
A306GWTM2KVPJ0,48,Male
A306GWTM2KVPJ0,48,Male
A3096ZOP616ZIN,24,Male
A3096ZOP616ZIN,24,Male
A30YUB0WTMKX73,25,Male
A30YUB0WTMKX73,25,Male
A31PH7PVGX9BZL,20,Female
A31VV1PIYCL1TW,27,Female
A31VV1PIYCL1TW,27,Female
A320Q88FVG3ID7,34,Female
A320Q88FVG3ID7,34,Female
A320QA9HJFUOZO,28,Male
A330ISTI9O9WTI,29,Female
A330ISTI9O9WTI,29,Female
A33KTU8KJ5CP2T,44,Male
A33KTU8KJ5CP2T,44,Male
A34CWKC6HUSM5B,35,Female
A34CWKC6HUSM5B,35,Female
A3579N2TITA69M,24,Male
A3579N2TITA69M,24,Male
A364RJUWQ77TDQ,30,Male
A3696JXTRKL2FI,24,Male
A3696JXTRKL2FI,24,Male
A370V697M1KW6R,34,Male
A370V697M1KW6R,34,Male
A376BI2RNUIFRH,28,Female
A376BI2RNUIFRH,28,Female
A38DC3BG1ZCVZ2,30,Female
A38DC3BG1ZCVZ2,30,Female
A38HODAQUKJKKS,33,Male
A38HODAQUKJKKS,33,Male
A38VMTKS30TQZB,28,Male
A3BI0AX5T5GVO3,22,Female
A3BI0AX5T5GVO3,22,Female
A3D3NEQ158WUB0,35,Male
A3D6RK0BTXYEO2,33,Female
A3D6RK0BTXYEO2,24,Male
A3DFCGAXJHV1P9,63,Male
A3E6BSFIN8UZ5S,26,Male
A3EEHYZ48WMOYX,30,Male
A3EEHYZ48WMOYX,30,Male
A3FFZN4FO3Q789,26,Male
A3FFZN4FO3Q789,24,Male
A3FMR0056U3Q1U,52,Female
A3FMR0056U3Q1U,52,Female
A3FOKP72T5I4FR,39,Female
A3FOKP72T5I4FR,39,Female
A3FRP8PPLAKYL0,25,Male
A3G2JDGJCXCWVD,35,Male
A3G2JDGJCXCWVD,35,Male
A3GJ2E1A1H5DM7,18,Female
A3GJ2E1A1H5DM7,31,Female
A3GK90X2QOFR53,28,Male
A3GK90X2QOFR53,28,Male
A3HIIRTGJUJZ1D,41,Male
A3HIIRTGJUJZ1D,41,Male
A3HT8PZCDOSE3G,22,Female
A3IO4P2AU6NA18,50,Male
A3IO4P2AU6NA18,50,Male
A3JI3B5GTVA95F,24,Male
A3JI3B5GTVA95F,24,Male
A3KJEQ2ZB0J9OV,23,Male
A3KJEQ2ZB0J9OV,23,Male
A3KKOA34YBAAY0,27,Female
A3KKOA34YBAAY0,27,Female
A3KVH7IYW9XEJX,26,Female
A3KVH7IYW9XEJX,26,Female
A3L0I55SEJU1HJ,53,Male
A3L0I55SEJU1HJ,53,Male
A3MFS69UTW9KL8,32,Male
A3MFS69UTW9KL8,32,Male
A3N5L136KKW6AV,25,Female
A3N5L136KKW6AV,25,Female
A3ND4KJK19EZ42,43,Male
A3ND4KJK19EZ42,43,Male
A3NM5SP9NZ9BOJ,55,Male
A3O81LHBBI8NPK,31,Female
A3O81LHBBI8NPK,31,Female
A3OMUSG91MTI3H,23,Female
A3OMUSG91MTI3H,23,Female
A3P2CJ0JSJP26L,23,Female
A3P5BJ1GA3NLBY,39,Female
A3P74FP62XNVYI,59,Male
A3P74FP62XNVYI,59,Male
A3PJSGAKNK63FH,37,Male
A3PKFM9R44RYL5,10,Male
A3PKFM9R44RYL5,22,Male
A3PKJ0CX86ZAWN,42,Female
A3PKJ0CX86ZAWN,42,Female
A3PPRVK6XK6GP5,42,Female
A3PPRVK6XK6GP5,42,Female
A3PUU1XU4C1A3V,56,Female
A3PUU1XU4C1A3V,56,Female
A3RMV9ZGFJ0HHF,33,Female
A3TYWTLNIKKD29,24,Female
A3TYWTLNIKKD29,24,Female
A3V5IIPZ95YVKH,33,Male
A3V5IIPZ95YVKH,33,Male
A40LU73SS18IW,52,Female
A40LU73SS18IW,52,Female
A4J4GGMKJ68L0,24,Male
A4J4GGMKJ68L0,24,Male
A5EU1AQJNC7F2,26,Female
A5EU1AQJNC7F2,26,Female
A5NE8TWS8ZV7B,33,Female
A5NE8TWS8ZV7B,33,Female
A6GWNSYJ09ICN,25,Female
A6GWNSYJ09ICN,25,Female
A6JUX77CEBYYT,57,Female
A76KQ0WSFO38O,35,Female
A7OVF55GAEQ30,34,Male
A7QT7GDXU458Q,34,Female
A7QT7GDXU458Q,34,Female
AAE6DGZOC9EWQ,25,Male
AAE6DGZOC9EWQ,25,Male
AAX1G2KA4ZD2N,43,Female
AAX1G2KA4ZD2N,43,Female
AAYC278SKA5IG,24,Male
AAYC278SKA5IG,24,Male
AC5UAD113QGMN,67,Male
AC5UAD113QGMN,67,Male
AC5UD8N187QD6,44,Male
AC5UD8N187QD6,44,Male
ADKKDK6P4MS1Z,35,Male
ADKKDK6P4MS1Z,35,Male
AEF74ZYJTTEIA,37,Male
AEF74ZYJTTEIA,37,Male
AF147CO1FIFI7,24,Male
AG6LYFQ9FP3UM,32,Female
AGFWV1U4CJXP5,35,Female
AGFWV1U4CJXP5,35,Female
AIJBD7NFI0QLL,35,Male
AIJBD7NFI0QLL,35,Male
AIQF5PQT8A1WU,31,Female
AIQF5PQT8A1WU,31,Female
AJMWITY1XT7H7,34,Female
AJMWITY1XT7H7,34,Female
AKCOOE4XEQYLE,18,Female
AKCOOE4XEQYLE,18,Female
AKLV0WIZZ356X,39,Female
AKLV0WIZZ356X,39,Female
AKO4O0L9613K5,37,Male
AKO4O0L9613K5,37,Male
AL0IT4RSPIWGK,31,Male
AL0IT4RSPIWGK,31,Male
AL4THZQ97441,21,Male
AL4THZQ97441,24,Male
ANLEYCDMY1S0U,22,Male
ANLEYCDMY1S0U,22,Male
ANVXAMUEBGV8N,51,Female
ANVXAMUEBGV8N,51,Female
AO63KMU3PGNJA,40,Female
AO63KMU3PGNJA,43,Female
AOIK8K4X34LGR,59,Female
AOIK8K4X34LGR,59,Female
AOSB3RSWQQENC,59,Female
AOSB3RSWQQENC,59,Female
APKTVR6YBKKS0,30,Male
APKTVR6YBKKS0,30,Male
AQO7P8FNX7200,23,Female
AQO7P8FNX7200,23,Female
AR2BJXE0VOYRV,24,Male
AR2BJXE0VOYRV,24,Male
ARES4CXML4H8L,20,Female
ASEVVRRYCFJH1,24,Male
ATIGCUKIPNWG0,24,Female
ATIGCUKIPNWG0,24,Female
ATU7P2JQ4YY54,24,Male
AU9JSBIVI1ZS1,46,Male
AU9JSBIVI1ZS1,46,Male
AUI3R928P63B0,28,Male
AUI3R928P63B0,29,Male
AUVC78LEL0T6L,24,Male
AUVC78LEL0T6L,24,Male
AW0MG225VXWCN,28,Male
AX6JQ37WUHFSH,48,Male
AX6JQ37WUHFSH,48,Male
AXPP6I0W11RTS,32,Male
AYDILOZLKOAS8,34,Male
AYDILOZLKOAS8,34,Male
AZYRCOQ4H0TJO,29,Female
15000,24,Female
15000,24,Female
15001,30,Male
15001,30,Male
15001,30,Male
15002,39,Male
15004,36,Male
15005,28,Male
15006,21,Female
15006,21,Female
15006,21,Female
15006,21,Female
15006,21,Female
15007,28,Male
15008,30,Male
15008,30,Male
15008,30,Male
15008,30,Male
15009,34,Female
15009,34,Female
15009,34,Female
15010,30,Female
15011,36,Male
15012,28,Male
15012,28,Male
15012,28,Male
15012,28,Male
15013,28,Male
15013,28,Male
15013,28,Male
15014,35,Male
15014,35,Male
15015,26,Female
15015,26,Female
15015,26,Female
15015,26,Female
15015,26,Female
15016,28,Male
15016,28,Male
15016,28,Male
15017,34,Male
15019,28,Male
15019,28,Male
15020,29,Male
15020,29,Male
15021,37,Male
15021,37,Male
15024,28,Male
15025,37,Female
15025,37,Female
15025,37,Female
15026,25,Female
15026,25,Female
15026,25,Female
15026,25,Female
15026,25,Female
15027,28,Male
15028,26,Male
15028,26,Male
15029,28,Male
15029,28,Male
1234569,30,female
